{"cameraMode":{"drawMode":0,"name":"Shaded","section":"Shading Mode"},"sceneLighting":false,"audioPlay":false,"sceneViewState":{"showFog":true,"showMaterialUpdate":false,"showSkybox":false,"showFlares":true,"showImageEffects":true,"showParticleSystems":true,"showVisualEffectGraphs":true,"m_FxEnabled":true},"in2DMode":false,"pivot":{"x":-18.00717544555664,"y":1.5943020582199097,"z":-8.03984260559082},"rotation":{"x":0.12741917371749879,"y":-0.025293776765465738,"z":0.003256280440837145,"w":0.9915108680725098},"size":11.570255279541016,"orthographic":false}